source,pdf,pages,chars,tables,avg_table_rows,chars_per_page,tables_per_page,repeat_ratio,flags,txt_rel,tbl_rel
alerts,10069_Drug_Alert_list_for_month_of_March_2023.pdf,11,14678,11,5.73,1334.4,1.0,0.109,,alerts\10069_Drug_Alert_list_for_month_of_March_2023.txt,alerts\10069_Drug_Alert_list_for_month_of_March_2023.tables.json
alerts,10154_Drug_Alert_list_for_month_of_April_2023.pdf,7,10594,8,5.88,1513.4,1.14,0.056,,alerts\10154_Drug_Alert_list_for_month_of_April_2023.txt,alerts\10154_Drug_Alert_list_for_month_of_April_2023.tables.json
alerts,10246_Drug_Alert_list_for_month_of_February_2023_Revised.pdf,1,911,1,3.0,911.0,1.0,0.0,,alerts\10246_Drug_Alert_list_for_month_of_February_2023_Revised.txt,alerts\10246_Drug_Alert_list_for_month_of_February_2023_Revised.tables.json
alerts,10248_Drug_Alert_list_for_month_of_May_2023.pdf,7,9055,7,5.14,1293.6,1.0,0.066,,alerts\10248_Drug_Alert_list_for_month_of_May_2023.txt,alerts\10248_Drug_Alert_list_for_month_of_May_2023.tables.json
alerts,10359_Drug_Alert_list_for_month_of_June_2023.pdf,9,12190,8,5.88,1354.4,0.89,0.113,,alerts\10359_Drug_Alert_list_for_month_of_June_2023.txt,alerts\10359_Drug_Alert_list_for_month_of_June_2023.tables.json
alerts,10425_Drug_Alert_list_for_month_of_July_2023.pdf,7,14382,8,7.88,2054.6,1.14,0.106,,alerts\10425_Drug_Alert_list_for_month_of_July_2023.txt,alerts\10425_Drug_Alert_list_for_month_of_July_2023.tables.json
alerts,10426_June_Revised_Drugs_Alert_List_2023.pdf,1,1412,1,3.0,1412.0,1.0,0.267,,alerts\10426_June_Revised_Drugs_Alert_List_2023.txt,alerts\10426_June_Revised_Drugs_Alert_List_2023.tables.json
alerts,10515_Drug_Alert_list_for_month_of_August_2023.pdf,9,13284,10,5.6,1476.0,1.11,0.004,,alerts\10515_Drug_Alert_list_for_month_of_August_2023.txt,alerts\10515_Drug_Alert_list_for_month_of_August_2023.tables.json
alerts,10516_July_Revised_Drugs_Alert_List_2023.pdf,1,1572,1,3.0,1572.0,1.0,0.0,,alerts\10516_July_Revised_Drugs_Alert_List_2023.txt,alerts\10516_July_Revised_Drugs_Alert_List_2023.tables.json
alerts,10583_Drug_Alert_for_the_Month_of_September_2023.pdf,13,15583,12,5.0,1198.7,0.92,0.061,,alerts\10583_Drug_Alert_for_the_Month_of_September_2023.txt,alerts\10583_Drug_Alert_for_the_Month_of_September_2023.tables.json
alerts,10585_Drug_Alert_for_the_Month_of_March_2023_Revised.pdf,1,902,0,0.0,902.0,0.0,0.0,,alerts\10585_Drug_Alert_for_the_Month_of_March_2023_Revised.txt,alerts\10585_Drug_Alert_for_the_Month_of_March_2023_Revised.tables.json
alerts,10586_Drug_Alert_for_the_Month_of_February_2023_Revised.pdf,1,1005,0,0.0,1005.0,0.0,0.0,,alerts\10586_Drug_Alert_for_the_Month_of_February_2023_Revised.txt,alerts\10586_Drug_Alert_for_the_Month_of_February_2023_Revised.tables.json
alerts,10666_Drug_Alert_for_the_Month_of_October_2023.pdf,9,15391,9,6.67,1710.1,1.0,0.016,,alerts\10666_Drug_Alert_for_the_Month_of_October_2023.txt,alerts\10666_Drug_Alert_for_the_Month_of_October_2023.tables.json
alerts,10784_Drug_Alert_for_the_Month_of_November_2023.pdf,14,20460,13,6.0,1461.4,0.93,0.107,,alerts\10784_Drug_Alert_for_the_Month_of_November_2023.txt,alerts\10784_Drug_Alert_for_the_Month_of_November_2023.tables.json
alerts,10785_Drug_Alert_for_the_Month_of_May_â_2022_Revised.pdf,1,930,0,0.0,930.0,0.0,0.0,,alerts\10785_Drug_Alert_for_the_Month_of_May_â_2022_Revised.txt,alerts\10785_Drug_Alert_for_the_Month_of_May_â_2022_Revised.tables.json
alerts,10851_Drug_Alert_for_the_Month_of_December_2023.pdf,12,20673,13,7.0,1722.8,1.08,0.05,,alerts\10851_Drug_Alert_for_the_Month_of_December_2023.txt,alerts\10851_Drug_Alert_for_the_Month_of_December_2023.tables.json
alerts,10939_Drug_Alert_for_the_Month_of_January_2024.pdf,8,12708,8,6.75,1588.5,1.0,0.027,,alerts\10939_Drug_Alert_for_the_Month_of_January_2024.txt,alerts\10939_Drug_Alert_for_the_Month_of_January_2024.tables.json
alerts,10940_Drug_Alert_for_the_Month_of_Revised_Dec_2023.pdf,1,920,0,0.0,920.0,0.0,0.0,,alerts\10940_Drug_Alert_for_the_Month_of_Revised_Dec_2023.txt,alerts\10940_Drug_Alert_for_the_Month_of_Revised_Dec_2023.tables.json
alerts,10941_Drug_Alert_for_the_Month_of_Revised_March_2023.pdf,1,918,0,0.0,918.0,0.0,0.0,,alerts\10941_Drug_Alert_for_the_Month_of_Revised_March_2023.txt,alerts\10941_Drug_Alert_for_the_Month_of_Revised_March_2023.tables.json
alerts,11013_Drug_Alert_for_the_Month_of_February_2024.pdf,12,17457,12,7.42,1454.8,1.0,0.04,,alerts\11013_Drug_Alert_for_the_Month_of_February_2024.txt,alerts\11013_Drug_Alert_for_the_Month_of_February_2024.tables.json
alerts,11014_Drug_Alert_for_the_Month_of_Revised_Jan_2024.pdf,1,912,0,0.0,912.0,0.0,0.0,,alerts\11014_Drug_Alert_for_the_Month_of_Revised_Jan_2024.txt,alerts\11014_Drug_Alert_for_the_Month_of_Revised_Jan_2024.tables.json
alerts,11115_Drug_Alert_for_the_Month_of_March_2024.pdf,7,19053,7,9.57,2721.9,1.0,0.109,,alerts\11115_Drug_Alert_for_the_Month_of_March_2024.txt,alerts\11115_Drug_Alert_for_the_Month_of_March_2024.tables.json
alerts,11255_SPURIOUS_ALERT_FOR_THE_MONTH_OF_APRIL_2024.pdf,3,3581,2,4.5,1193.7,0.67,0.012,,alerts\11255_SPURIOUS_ALERT_FOR_THE_MONTH_OF_APRIL_2024.txt,alerts\11255_SPURIOUS_ALERT_FOR_THE_MONTH_OF_APRIL_2024.tables.json
alerts,11256_NOT_OF_STANDARD_QUALITY_ALERT_FOR_THE_MONTH_OF_APRIL_2024.pdf,11,14003,10,6.1,1273.0,0.91,0.069,,alerts\11256_NOT_OF_STANDARD_QUALITY_ALERT_FOR_THE_MONTH_OF_APRIL_2024.txt,alerts\11256_NOT_OF_STANDARD_QUALITY_ALERT_FOR_THE_MONTH_OF_APRIL_2024.tables.json
alerts,11372_NSQ_May_2024_CDSCO_Labs.pdf,9,13431,8,5.88,1492.3,0.89,0.01,,alerts\11372_NSQ_May_2024_CDSCO_Labs.txt,alerts\11372_NSQ_May_2024_CDSCO_Labs.tables.json
alerts,11373_NSQ_May_2024_State_Labs.pdf,6,8936,4,4.25,1489.3,0.67,0.0,,alerts\11373_NSQ_May_2024_State_Labs.txt,alerts\11373_NSQ_May_2024_State_Labs.tables.json
alerts,11467_State_NSQ_ALERT_FOR_THE_MONTH_OF_JUNE_2024.pdf,9,21911,8,4.62,2434.6,0.89,0.274,,alerts\11467_State_NSQ_ALERT_FOR_THE_MONTH_OF_JUNE_2024.txt,alerts\11467_State_NSQ_ALERT_FOR_THE_MONTH_OF_JUNE_2024.tables.json
alerts,11468_NSQ_ALERT_FOR_THE_MONTH_OF_JUNE_2024.pdf,6,6834,6,6.0,1139.0,1.0,0.006,,alerts\11468_NSQ_ALERT_FOR_THE_MONTH_OF_JUNE_2024.txt,alerts\11468_NSQ_ALERT_FOR_THE_MONTH_OF_JUNE_2024.tables.json
alerts,11600_NSQ_ALERT_FOR_THE_MONTH_OF_JUlY-2024.pdf,11,13761,11,6.0,1251.0,1.0,0.091,,alerts\11600_NSQ_ALERT_FOR_THE_MONTH_OF_JUlY-2024.txt,alerts\11600_NSQ_ALERT_FOR_THE_MONTH_OF_JUlY-2024.tables.json
alerts,11601_STATE_NSQ_ALERT_FOR_THE_MONTH_OF_July-2024.pdf,3,4188,3,5.67,1396.0,1.0,0.096,,alerts\11601_STATE_NSQ_ALERT_FOR_THE_MONTH_OF_July-2024.txt,alerts\11601_STATE_NSQ_ALERT_FOR_THE_MONTH_OF_July-2024.tables.json
alerts,11874_NOT_OF_STANDARD_QUALITY_ALERT_FOR_THE_MONTH_OF_APRIL-2023.pdf,1,420,1,4.0,420.0,1.0,0.0,,alerts\11874_NOT_OF_STANDARD_QUALITY_ALERT_FOR_THE_MONTH_OF_APRIL-2023.txt,alerts\11874_NOT_OF_STANDARD_QUALITY_ALERT_FOR_THE_MONTH_OF_APRIL-2023.tables.json
alerts,11875_NOT_OF_STANDARD_QUALITY_ALERT_FOR_THE_MONTH_OF_APRIL-2018.pdf,1,344,1,3.0,344.0,1.0,0.0,,alerts\11875_NOT_OF_STANDARD_QUALITY_ALERT_FOR_THE_MONTH_OF_APRIL-2018.txt,alerts\11875_NOT_OF_STANDARD_QUALITY_ALERT_FOR_THE_MONTH_OF_APRIL-2018.tables.json
alerts,11876_NOT_OF_STANDARD_QUALITY_ALERT_FOR_THE_MONTH_OF_APRIL-2019.pdf,1,414,1,4.0,414.0,1.0,0.0,,alerts\11876_NOT_OF_STANDARD_QUALITY_ALERT_FOR_THE_MONTH_OF_APRIL-2019.txt,alerts\11876_NOT_OF_STANDARD_QUALITY_ALERT_FOR_THE_MONTH_OF_APRIL-2019.tables.json
alerts,11878_NOT_OF_STANDARD_QUALITY_ALERT_FOR_THE_MONTH_OF_JAN-2018.pdf,1,560,1,3.0,560.0,1.0,0.0,,alerts\11878_NOT_OF_STANDARD_QUALITY_ALERT_FOR_THE_MONTH_OF_JAN-2018.txt,alerts\11878_NOT_OF_STANDARD_QUALITY_ALERT_FOR_THE_MONTH_OF_JAN-2018.tables.json
alerts,11879_NOT_OF_STANDARD_QUALITY_ALERT_FOR_THE_MONTH_OF_July-2017.pdf,1,356,1,4.0,356.0,1.0,0.0,,alerts\11879_NOT_OF_STANDARD_QUALITY_ALERT_FOR_THE_MONTH_OF_July-2017.txt,alerts\11879_NOT_OF_STANDARD_QUALITY_ALERT_FOR_THE_MONTH_OF_July-2017.tables.json
alerts,11882_NOT_OF_STANDARD_QUALITY_ALERT_FOR_THE_MONTH_OF_MARCH-2019.pdf,1,561,1,4.0,561.0,1.0,0.0,,alerts\11882_NOT_OF_STANDARD_QUALITY_ALERT_FOR_THE_MONTH_OF_MARCH-2019.txt,alerts\11882_NOT_OF_STANDARD_QUALITY_ALERT_FOR_THE_MONTH_OF_MARCH-2019.tables.json
alerts,11884_NOT_OF_STANDARD_QUALITY_ALERT_FOR_THE_MONTH_OF_SEP-2018.pdf,1,726,1,4.0,726.0,1.0,0.2,,alerts\11884_NOT_OF_STANDARD_QUALITY_ALERT_FOR_THE_MONTH_OF_SEP-2018.txt,alerts\11884_NOT_OF_STANDARD_QUALITY_ALERT_FOR_THE_MONTH_OF_SEP-2018.tables.json
alerts,11941_NSQ_of_Typhoid_Polysaccharide_Vaccine_TYPBAR.pdf,1,479,0,0.0,479.0,0.0,0.0,,alerts\11941_NSQ_of_Typhoid_Polysaccharide_Vaccine_TYPBAR.txt,alerts\11941_NSQ_of_Typhoid_Polysaccharide_Vaccine_TYPBAR.tables.json
alerts,11942_NOT_OF_STANDARD_QUALITY_ALERT_FOR_THE_MONTH_OF_SEP-2017.pdf,1,461,1,3.0,461.0,1.0,0.0,,alerts\11942_NOT_OF_STANDARD_QUALITY_ALERT_FOR_THE_MONTH_OF_SEP-2017.txt,alerts\11942_NOT_OF_STANDARD_QUALITY_ALERT_FOR_THE_MONTH_OF_SEP-2017.tables.json
alerts,11943_NOT_OF_STANDARD_QUALITY_ALERT_FOR_THE_MONTH_OF_FEB-2018.pdf,1,652,1,4.0,652.0,1.0,0.0,,alerts\11943_NOT_OF_STANDARD_QUALITY_ALERT_FOR_THE_MONTH_OF_FEB-2018.txt,alerts\11943_NOT_OF_STANDARD_QUALITY_ALERT_FOR_THE_MONTH_OF_FEB-2018.tables.json
alerts,11944_NOT_OF_STANDARD_QUALITY_ALERT_FOR_THE_MONTH_OF_MAR-2022.pdf,1,912,1,6.0,912.0,1.0,0.059,,alerts\11944_NOT_OF_STANDARD_QUALITY_ALERT_FOR_THE_MONTH_OF_MAR-2022.txt,alerts\11944_NOT_OF_STANDARD_QUALITY_ALERT_FOR_THE_MONTH_OF_MAR-2022.tables.json
alerts,11945_NOT_OF_STANDARD_QUALITY_ALERT_FOR_THE_MONTH_OF_JUNE-2022.pdf,1,427,1,5.0,427.0,1.0,0.125,,alerts\11945_NOT_OF_STANDARD_QUALITY_ALERT_FOR_THE_MONTH_OF_JUNE-2022.txt,alerts\11945_NOT_OF_STANDARD_QUALITY_ALERT_FOR_THE_MONTH_OF_JUNE-2022.tables.json
alerts,11955_Samples_declared_NSQ_2017-2023.pdf,5,7827,4,5.0,1565.4,0.8,0.092,,alerts\11955_Samples_declared_NSQ_2017-2023.txt,alerts\11955_Samples_declared_NSQ_2017-2023.tables.json
alerts,12002_ZyCoV-D_SmPc_and_Factsheet.pdf,14,26471,7,11.0,1890.8,0.5,0.041,,alerts\12002_ZyCoV-D_SmPc_and_Factsheet.txt,alerts\12002_ZyCoV-D_SmPc_and_Factsheet.tables.json
alerts,12010_Drug_Alert_for_the_Month_of_August_2024.pdf,8,11918,7,7.43,1489.8,0.88,0.127,,alerts\12010_Drug_Alert_for_the_Month_of_August_2024.txt,alerts\12010_Drug_Alert_for_the_Month_of_August_2024.tables.json
alerts,12011_List_of_Drugs_Medical_Devices_Vaccine_and_Cosmetics_declared_as_Spurious_Adulterated_Misbranded_for_the_Month_of_August-.pdf,2,3102,2,7.5,1551.0,1.0,0.1,,alerts\12011_List_of_Drugs_Medical_Devices_Vaccine_and_Cosmetics_declared_as_Spurious_Adulterated_Misbranded_for_the_Month_of_August-.txt,alerts\12011_List_of_Drugs_Medical_Devices_Vaccine_and_Cosmetics_declared_as_Spurious_Adulterated_Misbranded_for_the_Month_of_August-.tables.json
alerts,12012_State_Drug_Alert_for_the_Month_of_August_2024.pdf,3,3723,2,6.0,1241.0,0.67,0.0,,alerts\12012_State_Drug_Alert_for_the_Month_of_August_2024.txt,alerts\12012_State_Drug_Alert_for_the_Month_of_August_2024.tables.json
alerts,12082_List_of_Drugs_Medical_Devices_Vaccine_and_Cosmetics_declared_as_Spurious_for_the_Month_of_September_2024.pdf,2,3279,1,4.0,1639.5,0.5,0.067,,alerts\12082_List_of_Drugs_Medical_Devices_Vaccine_and_Cosmetics_declared_as_Spurious_for_the_Month_of_September_2024.txt,alerts\12082_List_of_Drugs_Medical_Devices_Vaccine_and_Cosmetics_declared_as_Spurious_for_the_Month_of_September_2024.tables.json
alerts,12083_State_Drug_Alert_for_the_Month_of_September_2024.pdf,5,6701,4,5.25,1340.2,0.8,0.08,,alerts\12083_State_Drug_Alert_for_the_Month_of_September_2024.txt,alerts\12083_State_Drug_Alert_for_the_Month_of_September_2024.tables.json
alerts,12084_Drug_Alert_for_the_Month_of_September_2024.pdf,9,12479,9,6.11,1386.6,1.0,0.042,,alerts\12084_Drug_Alert_for_the_Month_of_September_2024.txt,alerts\12084_Drug_Alert_for_the_Month_of_September_2024.tables.json
alerts,12202_State_Drug_Alert_for_the_Month_of_October_2024.pdf,9,15276,8,5.12,1697.3,0.89,0.154,,alerts\12202_State_Drug_Alert_for_the_Month_of_October_2024.txt,alerts\12202_State_Drug_Alert_for_the_Month_of_October_2024.tables.json
alerts,12203_List_of_Drugs_Medical_Devices_Vaccine_and_Cosmetics_declared_as_Spurious_for_the_Month_of_October_2024.pdf,2,2766,1,4.0,1383.0,0.5,0.098,,alerts\12203_List_of_Drugs_Medical_Devices_Vaccine_and_Cosmetics_declared_as_Spurious_for_the_Month_of_October_2024.txt,alerts\12203_List_of_Drugs_Medical_Devices_Vaccine_and_Cosmetics_declared_as_Spurious_for_the_Month_of_October_2024.tables.json
alerts,12204_Drug_Alert_for_the_Month_of_October_2024.pdf,9,14396,9,7.11,1599.6,1.0,0.038,,alerts\12204_Drug_Alert_for_the_Month_of_October_2024.txt,alerts\12204_Drug_Alert_for_the_Month_of_October_2024.tables.json
alerts,12290_State_Drug_Alert_for_the_Month_of_November_2024.pdf,18,28671,16,5.38,1592.8,0.89,0.114,,alerts\12290_State_Drug_Alert_for_the_Month_of_November_2024.txt,alerts\12290_State_Drug_Alert_for_the_Month_of_November_2024.tables.json
alerts,12291_List_of_Drugs_Medical_Devices_Vaccine_and_Cosmetics_declared_as_Spurious_for_the_Month_of_November_2024.pdf,2,2391,1,3.0,1195.5,0.5,0.083,,alerts\12291_List_of_Drugs_Medical_Devices_Vaccine_and_Cosmetics_declared_as_Spurious_for_the_Month_of_November_2024.txt,alerts\12291_List_of_Drugs_Medical_Devices_Vaccine_and_Cosmetics_declared_as_Spurious_for_the_Month_of_November_2024.tables.json
alerts,12292_Drug_Alert_for_the_Month_of_November_2024.pdf,8,10473,8,6.0,1309.1,1.0,0.082,,alerts\12292_Drug_Alert_for_the_Month_of_November_2024.txt,alerts\12292_Drug_Alert_for_the_Month_of_November_2024.tables.json
alerts,12393_Drug_Alert_for_the_Month_of_December_2024.pdf,9,13741,9,6.78,1526.8,1.0,0.071,,alerts\12393_Drug_Alert_for_the_Month_of_December_2024.txt,alerts\12393_Drug_Alert_for_the_Month_of_December_2024.tables.json
alerts,12394_State_Drug_Alert_for_the_Month_of_December_2024.pdf,18,27936,17,5.82,1552.0,0.94,0.094,,alerts\12394_State_Drug_Alert_for_the_Month_of_December_2024.txt,alerts\12394_State_Drug_Alert_for_the_Month_of_December_2024.tables.json
alerts,12555_NSQ_ALERT_FOR_THE_MONTH_OF_JANUARY-2025.pdf,10,12748,10,6.0,1274.8,1.0,0.045,,alerts\12555_NSQ_ALERT_FOR_THE_MONTH_OF_JANUARY-2025.txt,alerts\12555_NSQ_ALERT_FOR_THE_MONTH_OF_JANUARY-2025.tables.json
alerts,12556_STATE_NSQ_ALERT_FOR_THE_MONTH_OF_JANUARY-2025.pdf,22,34132,18,5.61,1551.5,0.82,0.226,,alerts\12556_STATE_NSQ_ALERT_FOR_THE_MONTH_OF_JANUARY-2025.txt,alerts\12556_STATE_NSQ_ALERT_FOR_THE_MONTH_OF_JANUARY-2025.tables.json
alerts,12612_List_of_Drugs_Medical_Devices_Vaccine_and_Cosmetics_declared_as_Spurious_for_the_Month_of_February-2025.pdf,1,1911,0,0.0,1911.0,0.0,0.0,,alerts\12612_List_of_Drugs_Medical_Devices_Vaccine_and_Cosmetics_declared_as_Spurious_for_the_Month_of_February-2025.txt,alerts\12612_List_of_Drugs_Medical_Devices_Vaccine_and_Cosmetics_declared_as_Spurious_for_the_Month_of_February-2025.tables.json
alerts,12613_NSQ_ALERT_FOR_THE_MONTH_OF_Feb-2025.pdf,6,12111,6,8.33,2018.5,1.0,0.048,,alerts\12613_NSQ_ALERT_FOR_THE_MONTH_OF_Feb-2025.txt,alerts\12613_NSQ_ALERT_FOR_THE_MONTH_OF_Feb-2025.tables.json
alerts,12614_STATE_NSQ_ALERT_FOR_THE_MONTH_OF_FEBRUARY-2025.pdf,16,28345,11,5.45,1771.6,0.69,0.216,,alerts\12614_STATE_NSQ_ALERT_FOR_THE_MONTH_OF_FEBRUARY-2025.txt,alerts\12614_STATE_NSQ_ALERT_FOR_THE_MONTH_OF_FEBRUARY-2025.tables.json
alerts,12667_List_of_Drugs_Medical_Devices_Vaccine_and_Cosmetics_declared_as_Spurious_for_the_Month_of_March-_2025.pdf,1,1884,0,0.0,1884.0,0.0,0.0,,alerts\12667_List_of_Drugs_Medical_Devices_Vaccine_and_Cosmetics_declared_as_Spurious_for_the_Month_of_March-_2025.txt,alerts\12667_List_of_Drugs_Medical_Devices_Vaccine_and_Cosmetics_declared_as_Spurious_for_the_Month_of_March-_2025.tables.json
alerts,12668_State_NSQ_Alert_For_The_Month_March-2025.pdf,9,22296,8,8.12,2477.3,0.89,0.157,,alerts\12668_State_NSQ_Alert_For_The_Month_March-2025.txt,alerts\12668_State_NSQ_Alert_For_The_Month_March-2025.tables.json
alerts,12670_Revise_list_drug_alert_November-2024.pdf,1,853,0,0.0,853.0,0.0,0.0,,alerts\12670_Revise_list_drug_alert_November-2024.txt,alerts\12670_Revise_list_drug_alert_November-2024.tables.json
alerts,12671_Revise_list_drug_alert_January-2025.pdf,1,732,0,0.0,732.0,0.0,0.0,,alerts\12671_Revise_list_drug_alert_January-2025.txt,alerts\12671_Revise_list_drug_alert_January-2025.tables.json
alerts,12737_List_of_Drugs_Medical_Devices_Vaccine_and_Cosmetics_declared_as_Not_of_Standard_QualitySpuriousAdulteratedMisbranded_for.pdf,1,840,0,0.0,840.0,0.0,0.0,,alerts\12737_List_of_Drugs_Medical_Devices_Vaccine_and_Cosmetics_declared_as_Not_of_Standard_QualitySpuriousAdulteratedMisbranded_for.txt,alerts\12737_List_of_Drugs_Medical_Devices_Vaccine_and_Cosmetics_declared_as_Not_of_Standard_QualitySpuriousAdulteratedMisbranded_for.tables.json
alerts,12738_Not_Of_Standard_of_Quality_NSQ_ALERT_FOR_THE_MONTH_OF_April-2025.pdf,7,15346,7,9.14,2192.3,1.0,0.352,REPEATED_LINES,alerts\12738_Not_Of_Standard_of_Quality_NSQ_ALERT_FOR_THE_MONTH_OF_April-2025.txt,alerts\12738_Not_Of_Standard_of_Quality_NSQ_ALERT_FOR_THE_MONTH_OF_April-2025.tables.json
alerts,12739_State_NSQ_Alert_For_The_Month_April-2025.pdf,22,47405,20,7.3,2154.8,0.91,0.165,,alerts\12739_State_NSQ_Alert_For_The_Month_April-2025.txt,alerts\12739_State_NSQ_Alert_For_The_Month_April-2025.tables.json
alerts,12740_List_of_Drugs_Medical_Devices_Vaccine_and_Cosmetics_declared_as_Spurious_for_the_Month_of_April-2025.pdf,1,1965,0,0.0,1965.0,0.0,0.0,,alerts\12740_List_of_Drugs_Medical_Devices_Vaccine_and_Cosmetics_declared_as_Spurious_for_the_Month_of_April-2025.txt,alerts\12740_List_of_Drugs_Medical_Devices_Vaccine_and_Cosmetics_declared_as_Spurious_for_the_Month_of_April-2025.tables.json
alerts,12845_List_of_Drugs_Medical_Devices_Vaccine_and_Cosmetics_declared_as_Spurious_for_the_Month_of_May-2025.pdf,2,2333,1,3.0,1166.5,0.5,0.205,,alerts\12845_List_of_Drugs_Medical_Devices_Vaccine_and_Cosmetics_declared_as_Spurious_for_the_Month_of_May-2025.txt,alerts\12845_List_of_Drugs_Medical_Devices_Vaccine_and_Cosmetics_declared_as_Spurious_for_the_Month_of_May-2025.tables.json
alerts,12846_STATE_NSQ_ALERT_FOR_THE_MONTH_OF_MAY-2025.pdf,19,42349,18,7.72,2228.9,0.95,0.033,,alerts\12846_STATE_NSQ_ALERT_FOR_THE_MONTH_OF_MAY-2025.txt,alerts\12846_STATE_NSQ_ALERT_FOR_THE_MONTH_OF_MAY-2025.tables.json
alerts,12847_NSQ_ALERT_FOR_THE_MONTH_OF_MAY-2025.pdf,7,14818,7,8.71,2116.9,1.0,0.075,,alerts\12847_NSQ_ALERT_FOR_THE_MONTH_OF_MAY-2025.txt,alerts\12847_NSQ_ALERT_FOR_THE_MONTH_OF_MAY-2025.tables.json
alerts,12926_STATE_NSQ_ALERT_FOR_THE_MONTH_OF_June_2025.pdf,15,35479,14,9.86,2365.3,0.93,0.115,,alerts\12926_STATE_NSQ_ALERT_FOR_THE_MONTH_OF_June_2025.txt,alerts\12926_STATE_NSQ_ALERT_FOR_THE_MONTH_OF_June_2025.tables.json
alerts,12927_CDSCO_NSQ_ALERT_FOR_THE_MONTH_OF_June_2025.pdf,6,13196,6,9.67,2199.3,1.0,0.074,,alerts\12927_CDSCO_NSQ_ALERT_FOR_THE_MONTH_OF_June_2025.txt,alerts\12927_CDSCO_NSQ_ALERT_FOR_THE_MONTH_OF_June_2025.tables.json
alerts,12959_List_of_spurious_Drugs_for_the_month_of_June-2025.pdf,2,3254,1,13.0,1627.0,0.5,0.288,,alerts\12959_List_of_spurious_Drugs_for_the_month_of_June-2025.txt,alerts\12959_List_of_spurious_Drugs_for_the_month_of_June-2025.tables.json
alerts,12960_Revise_list_drug_alert_May-2025.pdf,1,817,0,0.0,817.0,0.0,0.0,,alerts\12960_Revise_list_drug_alert_May-2025.txt,alerts\12960_Revise_list_drug_alert_May-2025.tables.json
alerts,1666_Drug_Alert_for_the_month_of_April2018.pdf,1,1758,1,5.0,1758.0,1.0,0.143,,alerts\1666_Drug_Alert_for_the_month_of_April2018.txt,alerts\1666_Drug_Alert_for_the_month_of_April2018.tables.json
alerts,1717_List_of_Drugs_Medical_Devices_and_Cosmetics_declared_as_Not_of_Standard_QualitySpuriousAdulteratedMisbranded_For_the_Mon.pdf,7,12325,7,6.57,1760.7,1.0,0.062,,alerts\1717_List_of_Drugs_Medical_Devices_and_Cosmetics_declared_as_Not_of_Standard_QualitySpuriousAdulteratedMisbranded_For_the_Mon.txt,alerts\1717_List_of_Drugs_Medical_Devices_and_Cosmetics_declared_as_Not_of_Standard_QualitySpuriousAdulteratedMisbranded_For_the_Mon.tables.json
alerts,1795_Drug_Alert_for_the_month_of_June2018.pdf,4,7153,4,7.0,1788.2,1.0,0.055,,alerts\1795_Drug_Alert_for_the_month_of_June2018.txt,alerts\1795_Drug_Alert_for_the_month_of_June2018.tables.json
alerts,1796_Drug_Alert_for_the_month_of_May2018.pdf,7,12325,7,6.57,1760.7,1.0,0.062,,alerts\1796_Drug_Alert_for_the_month_of_May2018.txt,alerts\1796_Drug_Alert_for_the_month_of_May2018.tables.json
alerts,1797_Drug_Alert_for_the_month_of_April_2018.pdf,5,10114,5,7.4,2022.8,1.0,0.076,,alerts\1797_Drug_Alert_for_the_month_of_April_2018.txt,alerts\1797_Drug_Alert_for_the_month_of_April_2018.tables.json
alerts,1906_Drug_Alert_list_for_July_2018.pdf,4,6314,3,7.67,1578.5,0.75,0.038,,alerts\1906_Drug_Alert_list_for_July_2018.txt,alerts\1906_Drug_Alert_list_for_July_2018.tables.json
alerts,1950_List_of_Drugs_Medical_Devices_and_Cosmetics_declared_as_Not_of_Standard_QualitySpuriousAdulteratedMisbranded_For_the_Mon.pdf,6,9798,6,6.0,1633.0,1.0,0.051,,alerts\1950_List_of_Drugs_Medical_Devices_and_Cosmetics_declared_as_Not_of_Standard_QualitySpuriousAdulteratedMisbranded_For_the_Mon.txt,alerts\1950_List_of_Drugs_Medical_Devices_and_Cosmetics_declared_as_Not_of_Standard_QualitySpuriousAdulteratedMisbranded_For_the_Mon.tables.json
alerts,2058_Recall_of_OZURDEX_Dexamethasone_Intravitreal_Implant_0.7mg.pdf,2,4004,2,4.0,2002.0,1.0,0.0,,alerts\2058_Recall_of_OZURDEX_Dexamethasone_Intravitreal_Implant_0.7mg.txt,alerts\2058_Recall_of_OZURDEX_Dexamethasone_Intravitreal_Implant_0.7mg.tables.json
alerts,2166_Drug_Alert_list_for_October_2018.pdf,8,11536,7,6.14,1442.0,0.88,0.088,,alerts\2166_Drug_Alert_list_for_October_2018.txt,alerts\2166_Drug_Alert_list_for_October_2018.tables.json
alerts,2167_Drug_Alert_list_for_September_2018.pdf,3,4365,3,5.33,1455.0,1.0,0.027,,alerts\2167_Drug_Alert_list_for_September_2018.txt,alerts\2167_Drug_Alert_list_for_September_2018.tables.json
alerts,2238_Drug_Alert_list_for_November_2018.pdf,5,7293,5,5.6,1458.6,1.0,0.025,,alerts\2238_Drug_Alert_list_for_November_2018.txt,alerts\2238_Drug_Alert_list_for_November_2018.tables.json
alerts,2243_Drug_Alert_list_for_month_of_August_2013.pdf,2,1959,1,5.0,979.5,0.5,0.0,,alerts\2243_Drug_Alert_list_for_month_of_August_2013.txt,alerts\2243_Drug_Alert_list_for_month_of_August_2013.tables.json
alerts,2244_Drugs_Alert_for_the_month_of_April_2013.pdf,2,2580,2,5.0,1290.0,1.0,0.015,,alerts\2244_Drugs_Alert_for_the_month_of_April_2013.txt,alerts\2244_Drugs_Alert_for_the_month_of_April_2013.tables.json
alerts,2245_Drug_Alert_list_for_month_of_December_2013.pdf,4,3667,3,5.67,916.8,0.75,0.1,,alerts\2245_Drug_Alert_list_for_month_of_December_2013.txt,alerts\2245_Drug_Alert_list_for_month_of_December_2013.tables.json
alerts,2246_Drugs_Alert_for_the_month_of_February_2013.pdf,2,2497,2,6.0,1248.5,1.0,0.03,,alerts\2246_Drugs_Alert_for_the_month_of_February_2013.txt,alerts\2246_Drugs_Alert_for_the_month_of_February_2013.tables.json
alerts,2247_Drug_Alert_list_for_month_of_July_2013.pdf,4,4589,3,6.67,1147.2,0.75,0.138,,alerts\2247_Drug_Alert_list_for_month_of_July_2013.txt,alerts\2247_Drug_Alert_list_for_month_of_July_2013.tables.json
alerts,2248_Drug_Alert_list_for_month_of_June_2013.pdf,5,5400,4,5.25,1080.0,0.8,0.076,,alerts\2248_Drug_Alert_list_for_month_of_June_2013.txt,alerts\2248_Drug_Alert_list_for_month_of_June_2013.tables.json
alerts,2249_Drug_Alert_list_for_month_of_March_2013.pdf,2,2921,2,6.0,1460.5,1.0,0.0,,alerts\2249_Drug_Alert_list_for_month_of_March_2013.txt,alerts\2249_Drug_Alert_list_for_month_of_March_2013.tables.json
alerts,2252_Drugs_Alert_for_the_month_of_April_2013_J_K.pdf,1,953,1,3.0,953.0,1.0,0.25,,alerts\2252_Drugs_Alert_for_the_month_of_April_2013_J_K.txt,alerts\2252_Drugs_Alert_for_the_month_of_April_2013_J_K.tables.json
alerts,2254_Drug_Alert_list_for_month_of_August_2014.pdf,5,6980,4,5.25,1396.0,0.8,0.016,,alerts\2254_Drug_Alert_list_for_month_of_August_2014.txt,alerts\2254_Drug_Alert_list_for_month_of_August_2014.tables.json
alerts,2255_Drugs_Alert_for_the_month_of_December_2014.pdf,2,5011,2,8.5,2505.5,1.0,0.026,,alerts\2255_Drugs_Alert_for_the_month_of_December_2014.txt,alerts\2255_Drugs_Alert_for_the_month_of_December_2014.tables.json
alerts,2256_Drugs_Alert_for_the_month_of_February_2014.pdf,4,6732,4,7.25,1683.0,1.0,0.117,,alerts\2256_Drugs_Alert_for_the_month_of_February_2014.txt,alerts\2256_Drugs_Alert_for_the_month_of_February_2014.tables.json
alerts,2257_Drug_Alerts_for_the_month_of_January_2014.pdf,9,36042,8,4.62,4004.7,0.89,0.494,REPEATED_LINES,alerts\2257_Drug_Alerts_for_the_month_of_January_2014.txt,alerts\2257_Drug_Alerts_for_the_month_of_January_2014.tables.json
alerts,2258_Drug_Alert_list_for_month_of_July_2014.pdf,3,6106,3,7.33,2035.3,1.0,0.096,,alerts\2258_Drug_Alert_list_for_month_of_July_2014.txt,alerts\2258_Drug_Alert_list_for_month_of_July_2014.tables.json
alerts,2259_Drug_Alert_list_for_the_month_of_June_2014.pdf,7,10879,7,6.14,1554.1,1.0,0.18,,alerts\2259_Drug_Alert_list_for_the_month_of_June_2014.txt,alerts\2259_Drug_Alert_list_for_the_month_of_June_2014.tables.json
alerts,2260_Drugs_Alert_for_the_month_of_March_2014.pdf,6,9608,5,7.0,1601.3,0.83,0.161,,alerts\2260_Drugs_Alert_for_the_month_of_March_2014.txt,alerts\2260_Drugs_Alert_for_the_month_of_March_2014.tables.json
alerts,2261_Drugs_Alert_for_the_Month_of_May_2014.pdf,4,4768,3,5.67,1192.0,0.75,0.078,,alerts\2261_Drugs_Alert_for_the_Month_of_May_2014.txt,alerts\2261_Drugs_Alert_for_the_Month_of_May_2014.tables.json
alerts,2262_Drugs_Alert_for_the_month_of_November_2014.pdf,4,7453,3,7.67,1863.2,0.75,0.076,,alerts\2262_Drugs_Alert_for_the_month_of_November_2014.txt,alerts\2262_Drugs_Alert_for_the_month_of_November_2014.tables.json
alerts,2263_Drugs_alert_for_the_month_of_October_2014.pdf,3,5184,3,6.33,1728.0,1.0,0.072,,alerts\2263_Drugs_alert_for_the_month_of_October_2014.txt,alerts\2263_Drugs_alert_for_the_month_of_October_2014.tables.json
alerts,2264_Drug_Alert_list_for_the_month_of_September_2014.pdf,7,12271,7,6.86,1753.0,1.0,0.237,,alerts\2264_Drug_Alert_list_for_the_month_of_September_2014.txt,alerts\2264_Drug_Alert_list_for_the_month_of_September_2014.tables.json
alerts,2265_Drug_Alert_list_for_month_of_April_2015.pdf,2,2485,1,8.0,1242.5,0.5,0.065,,alerts\2265_Drug_Alert_list_for_month_of_April_2015.txt,alerts\2265_Drug_Alert_list_for_month_of_April_2015.tables.json
alerts,2266_Drug_Alert_list_for_month_of_August_2015.pdf,1,1807,1,7.0,1807.0,1.0,0.111,,alerts\2266_Drug_Alert_list_for_month_of_August_2015.txt,alerts\2266_Drug_Alert_list_for_month_of_August_2015.tables.json
alerts,2267_Drug_Alert_list_for_month_of_December_2015.pdf,3,4221,2,8.0,1407.0,0.67,0.053,,alerts\2267_Drug_Alert_list_for_month_of_December_2015.txt,alerts\2267_Drug_Alert_list_for_month_of_December_2015.tables.json
alerts,2268_Drugs_Alert_for_the_month_of_February_2015.pdf,2,4935,2,9.0,2467.5,1.0,0.078,,alerts\2268_Drugs_Alert_for_the_month_of_February_2015.txt,alerts\2268_Drugs_Alert_for_the_month_of_February_2015.tables.json
alerts,2269_Drugs_Alert_for_the_month_of_March_2015.pdf,2,3709,2,7.5,1854.5,1.0,0.033,,alerts\2269_Drugs_Alert_for_the_month_of_March_2015.txt,alerts\2269_Drugs_Alert_for_the_month_of_March_2015.tables.json
alerts,2270_Drug_Alert_list_for_month_of_May_2015.pdf,2,4262,2,8.0,2131.0,1.0,0.038,,alerts\2270_Drug_Alert_list_for_month_of_May_2015.txt,alerts\2270_Drug_Alert_list_for_month_of_May_2015.tables.json
alerts,2271_Drug_Alert_list_for_month_of_September_2015.pdf,3,4454,3,6.33,1484.7,1.0,0.25,,alerts\2271_Drug_Alert_list_for_month_of_September_2015.txt,alerts\2271_Drug_Alert_list_for_month_of_September_2015.tables.json
alerts,2275_Drugs_Alert_for_the_month_of_February_2016.pdf,4,6943,4,7.25,1735.8,1.0,0.064,,alerts\2275_Drugs_Alert_for_the_month_of_February_2016.txt,alerts\2275_Drugs_Alert_for_the_month_of_February_2016.tables.json
alerts,2276_Drugs_Alert_for_the_month_of_July_2016.pdf,2,3668,2,7.0,1834.0,1.0,0.0,,alerts\2276_Drugs_Alert_for_the_month_of_July_2016.txt,alerts\2276_Drugs_Alert_for_the_month_of_July_2016.tables.json
alerts,2277_Drug_Alert_list_for_month_of_June_2016.pdf,3,4484,2,8.5,1494.7,0.67,0.034,,alerts\2277_Drug_Alert_list_for_month_of_June_2016.txt,alerts\2277_Drug_Alert_list_for_month_of_June_2016.tables.json
alerts,2278_Drugs_Alert_for_the_month_of_March_2016.pdf,3,4893,3,6.33,1631.0,1.0,0.037,,alerts\2278_Drugs_Alert_for_the_month_of_March_2016.txt,alerts\2278_Drugs_Alert_for_the_month_of_March_2016.tables.json
alerts,2279_Drugs_Alert_for_the_month_of_May_2016.pdf,3,4619,3,6.67,1539.7,1.0,0.039,,alerts\2279_Drugs_Alert_for_the_month_of_May_2016.txt,alerts\2279_Drugs_Alert_for_the_month_of_May_2016.tables.json
alerts,2280_Drug_Alert_list_for_month_of_December_2016.pdf,3,5908,3,7.33,1969.3,1.0,0.0,,alerts\2280_Drug_Alert_list_for_month_of_December_2016.txt,alerts\2280_Drug_Alert_list_for_month_of_December_2016.tables.json
alerts,2281_Drug_Alert_list_for_month_of_August_2016.pdf,3,5437,3,7.33,1812.3,1.0,0.041,,alerts\2281_Drug_Alert_list_for_month_of_August_2016.txt,alerts\2281_Drug_Alert_list_for_month_of_August_2016.tables.json
alerts,2282_Drug_Alert_list_for_month_of_April_2016.pdf,3,4762,3,6.0,1587.3,1.0,0.008,,alerts\2282_Drug_Alert_list_for_month_of_April_2016.txt,alerts\2282_Drug_Alert_list_for_month_of_April_2016.tables.json
alerts,2283_Drug_Alert_list_for_month_of_April_2017.pdf,4,6436,4,6.5,1609.0,1.0,0.122,,alerts\2283_Drug_Alert_list_for_month_of_April_2017.txt,alerts\2283_Drug_Alert_list_for_month_of_April_2017.tables.json
alerts,2284_Drug_Alert_list_for_month_of_August_2017.pdf,5,9181,5,6.6,1836.2,1.0,0.028,,alerts\2284_Drug_Alert_list_for_month_of_August_2017.txt,alerts\2284_Drug_Alert_list_for_month_of_August_2017.tables.json
alerts,2285_Drug_Alert_list_for_month_of_December_2017.pdf,5,8654,5,6.6,1730.8,1.0,0.064,,alerts\2285_Drug_Alert_list_for_month_of_December_2017.txt,alerts\2285_Drug_Alert_list_for_month_of_December_2017.tables.json
alerts,2286_Drug_Alert_list_for_month_of_February_2017.pdf,3,4760,3,6.67,1586.7,1.0,0.023,,alerts\2286_Drug_Alert_list_for_month_of_February_2017.txt,alerts\2286_Drug_Alert_list_for_month_of_February_2017.tables.json
alerts,2287_Drug_Alert_list_for_month_of_January_2017.pdf,3,4797,3,6.67,1599.0,1.0,0.031,,alerts\2287_Drug_Alert_list_for_month_of_January_2017.txt,alerts\2287_Drug_Alert_list_for_month_of_January_2017.tables.json
alerts,2288_Drugs_Alert_for_the_month_of_July_2017.pdf,6,11338,6,7.17,1889.7,1.0,0.079,,alerts\2288_Drugs_Alert_for_the_month_of_July_2017.txt,alerts\2288_Drugs_Alert_for_the_month_of_July_2017.tables.json
alerts,2289_Drug_Alert_list_for_month_of_June_2017.pdf,5,10265,5,8.0,2053.0,1.0,0.086,,alerts\2289_Drug_Alert_list_for_month_of_June_2017.txt,alerts\2289_Drug_Alert_list_for_month_of_June_2017.tables.json
alerts,2290_Drug_Alert_list_for_month_of_March_2017.pdf,8,15009,8,7.88,1876.1,1.0,0.114,,alerts\2290_Drug_Alert_list_for_month_of_March_2017.txt,alerts\2290_Drug_Alert_list_for_month_of_March_2017.tables.json
alerts,2291_Drug_Alert_list_for_month_of_May_2017.pdf,5,8761,4,8.25,1752.2,0.8,0.039,,alerts\2291_Drug_Alert_list_for_month_of_May_2017.txt,alerts\2291_Drug_Alert_list_for_month_of_May_2017.tables.json
alerts,2292_Drugs_Alert_for_the_month_of_November_2017.pdf,5,9615,5,7.8,1923.0,1.0,0.07,,alerts\2292_Drugs_Alert_for_the_month_of_November_2017.txt,alerts\2292_Drugs_Alert_for_the_month_of_November_2017.tables.json
alerts,2293_Drug_Alert_list_for_month_of_October_2017.pdf,5,8891,5,7.0,1778.2,1.0,0.041,,alerts\2293_Drug_Alert_list_for_month_of_October_2017.txt,alerts\2293_Drug_Alert_list_for_month_of_October_2017.tables.json
alerts,2294_Drug_Alert_list_for_month_of_September_2017.pdf,4,6541,4,6.0,1635.2,1.0,0.006,,alerts\2294_Drug_Alert_list_for_month_of_September_2017.txt,alerts\2294_Drug_Alert_list_for_month_of_September_2017.tables.json
alerts,2295_Drug_Alert_list_for_month_of_February_2018.pdf,6,10822,5,8.4,1803.7,0.83,0.022,,alerts\2295_Drug_Alert_list_for_month_of_February_2018.txt,alerts\2295_Drug_Alert_list_for_month_of_February_2018.tables.json
alerts,2296_Drug_Alert_list_for_month_of_January_2018.pdf,5,8437,4,8.0,1687.4,0.8,0.0,,alerts\2296_Drug_Alert_list_for_month_of_January_2018.txt,alerts\2296_Drug_Alert_list_for_month_of_January_2018.tables.json
alerts,2297_Drug_Alert_list_for_month_of_March_2018.pdf,6,11734,6,7.67,1955.7,1.0,0.127,,alerts\2297_Drug_Alert_list_for_month_of_March_2018.txt,alerts\2297_Drug_Alert_list_for_month_of_March_2018.tables.json
alerts,2361_Drug_Alert_list_for_month_of_August_2018.pdf,6,9798,6,6.0,1633.0,1.0,0.051,,alerts\2361_Drug_Alert_list_for_month_of_August_2018.txt,alerts\2361_Drug_Alert_list_for_month_of_August_2018.tables.json
alerts,2362_Drug_Alert_list_for_month_of_May_2013.pdf,3,2847,2,4.0,949.0,0.67,0.0,,alerts\2362_Drug_Alert_list_for_month_of_May_2013.txt,alerts\2362_Drug_Alert_list_for_month_of_May_2013.tables.json
alerts,2363_Drug_Alert_list_for_month_of_January_2016.pdf,3,6553,3,9.0,2184.3,1.0,0.062,,alerts\2363_Drug_Alert_list_for_month_of_January_2016.txt,alerts\2363_Drug_Alert_list_for_month_of_January_2016.tables.json
alerts,2364_Drug_Alert_list_for_month_of_November_2016.pdf,4,7430,4,7.75,1857.5,1.0,0.049,,alerts\2364_Drug_Alert_list_for_month_of_November_2016.txt,alerts\2364_Drug_Alert_list_for_month_of_November_2016.tables.json
alerts,2365_Drug_Alert_list_for_month_of_October_2015.pdf,2,3854,2,7.5,1927.0,1.0,0.044,,alerts\2365_Drug_Alert_list_for_month_of_October_2015.txt,alerts\2365_Drug_Alert_list_for_month_of_October_2015.tables.json
alerts,2367_Drug_Alert_list_for_month_of_September_2016.pdf,3,4392,2,8.5,1464.0,0.67,0.018,,alerts\2367_Drug_Alert_list_for_month_of_September_2016.txt,alerts\2367_Drug_Alert_list_for_month_of_September_2016.tables.json
alerts,2369_Drug_Alert_list_for_month_of_June_2015.pdf,1,1725,1,7.0,1725.0,1.0,0.102,,alerts\2369_Drug_Alert_list_for_month_of_June_2015.txt,alerts\2369_Drug_Alert_list_for_month_of_June_2015.tables.json
alerts,2370_Drug_Alert_list_for_month_of_November_2015.pdf,1,2974,1,9.0,2974.0,1.0,0.053,,alerts\2370_Drug_Alert_list_for_month_of_November_2015.txt,alerts\2370_Drug_Alert_list_for_month_of_November_2015.tables.json
alerts,2371_Drug_Alert_list_for_month_of_January_2015.pdf,2,3711,2,5.5,1855.5,1.0,0.013,,alerts\2371_Drug_Alert_list_for_month_of_January_2015.txt,alerts\2371_Drug_Alert_list_for_month_of_January_2015.tables.json
alerts,2372_Drug_Alert_list_for_month_of_July_2015.pdf,3,5483,3,7.33,1827.7,1.0,0.097,,alerts\2372_Drug_Alert_list_for_month_of_July_2015.txt,alerts\2372_Drug_Alert_list_for_month_of_July_2015.tables.json
alerts,3145_Medical_Devices_alert_07.04.2017.pdf,2,2276,1,11.0,1138.0,0.5,0.0,,alerts\3145_Medical_Devices_alert_07.04.2017.txt,alerts\3145_Medical_Devices_alert_07.04.2017.tables.json
alerts,3146_Medical_Devices_alert_02.06.2017.pdf,2,2767,1,16.0,1383.5,0.5,0.0,,alerts\3146_Medical_Devices_alert_02.06.2017.txt,alerts\3146_Medical_Devices_alert_02.06.2017.tables.json
alerts,3147_Medical_Devices_alert_21.10.2016.pdf,2,2811,0,0.0,1405.5,0.0,0.0,,alerts\3147_Medical_Devices_alert_21.10.2016.txt,alerts\3147_Medical_Devices_alert_21.10.2016.tables.json
alerts,3246_Approved_for_Marketing_in_India.pdf,4,7322,4,9.0,1830.5,1.0,0.007,,alerts\3246_Approved_for_Marketing_in_India.txt,alerts\3246_Approved_for_Marketing_in_India.tables.json
alerts,3251_System_of_preliminary_scrutiny_by_C.D.S.C.O_at_the_time_of_receipt_of_application_for_approval_of_Fixed_Dose_Combination.pdf,23,43731,15,28.2,1901.3,0.65,0.304,REPEATED_LINES,alerts\3251_System_of_preliminary_scrutiny_by_C.D.S.C.O_at_the_time_of_receipt_of_application_for_approval_of_Fixed_Dose_Combination.txt,alerts\3251_System_of_preliminary_scrutiny_by_C.D.S.C.O_at_the_time_of_receipt_of_application_for_approval_of_Fixed_Dose_Combination.tables.json
alerts,3253_Drugs_banned_in_the_Country.pdf,28,43760,27,60.7,1562.9,0.96,0.461,REPEATED_LINES,alerts\3253_Drugs_banned_in_the_Country.txt,alerts\3253_Drugs_banned_in_the_Country.tables.json
alerts,3256_Spurious_Drugs_--_Reward_Scheme_for_Whistle_Blowers.pdf,9,16209,3,5.33,1801.0,0.33,0.016,,alerts\3256_Spurious_Drugs_--_Reward_Scheme_for_Whistle_Blowers.txt,alerts\3256_Spurious_Drugs_--_Reward_Scheme_for_Whistle_Blowers.tables.json
alerts,3262_MEDICAL_DEVICE_ALERT_FOR_Beacon_Tip_Torcon_NB_Advantage_Catheter.pdf,2,2767,1,16.0,1383.5,0.5,0.0,,alerts\3262_MEDICAL_DEVICE_ALERT_FOR_Beacon_Tip_Torcon_NB_Advantage_Catheter.txt,alerts\3262_MEDICAL_DEVICE_ALERT_FOR_Beacon_Tip_Torcon_NB_Advantage_Catheter.tables.json
alerts,3263_MEDICAL_DEVICE_ALERT_FOR_Absorb_Bioresorbale_Vascular_Scaffold_BVS_and_Absorb_GT1_Bioresorbale_Vascular_Scaffold_BVS.pdf,2,3202,0,0.0,1601.0,0.0,0.0,,alerts\3263_MEDICAL_DEVICE_ALERT_FOR_Absorb_Bioresorbale_Vascular_Scaffold_BVS_and_Absorb_GT1_Bioresorbale_Vascular_Scaffold_BVS.txt,alerts\3263_MEDICAL_DEVICE_ALERT_FOR_Absorb_Bioresorbale_Vascular_Scaffold_BVS_and_Absorb_GT1_Bioresorbale_Vascular_Scaffold_BVS.tables.json
alerts,3769_Drug_Alert_list_for_month_of_January_2019.pdf,8,12720,8,5.88,1590.0,1.0,0.094,,alerts\3769_Drug_Alert_list_for_month_of_January_2019.txt,alerts\3769_Drug_Alert_list_for_month_of_January_2019.tables.json
alerts,4147_Drug_Alert_list_for_month_of_February_2019.pdf,7,10738,7,5.57,1534.0,1.0,0.027,,alerts\4147_Drug_Alert_list_for_month_of_February_2019.txt,alerts\4147_Drug_Alert_list_for_month_of_February_2019.tables.json
alerts,4315_Drug_Alert_list_for_month_of_March_2019.pdf,9,13992,10,5.4,1554.7,1.11,0.041,,alerts\4315_Drug_Alert_list_for_month_of_March_2019.txt,alerts\4315_Drug_Alert_list_for_month_of_March_2019.tables.json
alerts,4391_Drug_Alert_list_for_month_of_April_2019.pdf,6,8948,6,5.33,1491.3,1.0,0.097,,alerts\4391_Drug_Alert_list_for_month_of_April_2019.txt,alerts\4391_Drug_Alert_list_for_month_of_April_2019.tables.json
alerts,4470_Medical_Device_Alert_Dated_20.05.2019.pdf,3,9717,0,0.0,3239.0,0.0,0.0,,alerts\4470_Medical_Device_Alert_Dated_20.05.2019.txt,alerts\4470_Medical_Device_Alert_Dated_20.05.2019.tables.json
alerts,4493_Drug_Alert_list_for_month_of_May_2019.pdf,6,9754,6,6.33,1625.7,1.0,0.094,,alerts\4493_Drug_Alert_list_for_month_of_May_2019.txt,alerts\4493_Drug_Alert_list_for_month_of_May_2019.tables.json
alerts,4496_Drug_Alert_January_2019_Revised.pdf,1,1034,1,3.0,1034.0,1.0,0.0,,alerts\4496_Drug_Alert_January_2019_Revised.txt,alerts\4496_Drug_Alert_January_2019_Revised.tables.json
alerts,4540_Medical_Devices_alert_july_2019.pdf,5,8942,1,5.0,1788.4,0.2,0.086,,alerts\4540_Medical_Devices_alert_july_2019.txt,alerts\4540_Medical_Devices_alert_july_2019.tables.json
alerts,4584_Drug_Alert_list_for_month_of_June_2019.pdf,4,7265,5,5.8,1816.2,1.25,0.075,,alerts\4584_Drug_Alert_list_for_month_of_June_2019.txt,alerts\4584_Drug_Alert_list_for_month_of_June_2019.tables.json
alerts,4800_Drug_Alert_list_for_month_of_July_2019.pdf,4,5366,4,6.0,1341.5,1.0,0.083,,alerts\4800_Drug_Alert_list_for_month_of_July_2019.txt,alerts\4800_Drug_Alert_list_for_month_of_July_2019.tables.json
alerts,5189_Drug_Alert_list_for_month_of_August_2019.pdf,5,8119,6,6.0,1623.8,1.2,0.02,,alerts\5189_Drug_Alert_list_for_month_of_August_2019.txt,alerts\5189_Drug_Alert_list_for_month_of_August_2019.tables.json
alerts,5190_Drug_Alert_list_for_month_of_September_2019.pdf,4,6302,5,5.8,1575.5,1.25,0.027,,alerts\5190_Drug_Alert_list_for_month_of_September_2019.txt,alerts\5190_Drug_Alert_list_for_month_of_September_2019.tables.json
alerts,5224_Drug_Alert_list_for_month_of_October_2019.pdf,6,9827,7,6.14,1637.8,1.17,0.069,,alerts\5224_Drug_Alert_list_for_month_of_October_2019.txt,alerts\5224_Drug_Alert_list_for_month_of_October_2019.tables.json
alerts,5349_Drug_Alert_list_for_month_of_November_2019.pdf,8,9958,8,5.38,1244.8,1.0,0.03,,alerts\5349_Drug_Alert_list_for_month_of_November_2019.txt,alerts\5349_Drug_Alert_list_for_month_of_November_2019.tables.json
alerts,5547_Drug_Alert_list_for_month_of_January_2020.pdf,7,9550,8,5.62,1364.3,1.14,0.088,,alerts\5547_Drug_Alert_list_for_month_of_January_2020.txt,alerts\5547_Drug_Alert_list_for_month_of_January_2020.tables.json
alerts,5590_Drug_Alert_list_for_month_of_October_2016.pdf,4,6041,3,7.67,1510.2,0.75,0.043,,alerts\5590_Drug_Alert_list_for_month_of_October_2016.txt,alerts\5590_Drug_Alert_list_for_month_of_October_2016.tables.json
alerts,5713_Drug_Alert_list_for_month_of_Feb_2020.pdf,7,10810,8,6.12,1544.3,1.14,0.106,,alerts\5713_Drug_Alert_list_for_month_of_Feb_2020.txt,alerts\5713_Drug_Alert_list_for_month_of_Feb_2020.tables.json
alerts,5872_Drug_Alert_list_for_month_of_March_2020.pdf,8,13443,9,6.22,1680.4,1.12,0.087,,alerts\5872_Drug_Alert_list_for_month_of_March_2020.txt,alerts\5872_Drug_Alert_list_for_month_of_March_2020.tables.json
alerts,5923_Drug_Alert_list_for_month_of_April_2020.pdf,12,18099,13,5.54,1508.2,1.08,0.139,,alerts\5923_Drug_Alert_list_for_month_of_April_2020.txt,alerts\5923_Drug_Alert_list_for_month_of_April_2020.tables.json
alerts,5986_Drug_Alert_list_for_month_of_May_2020.pdf,4,7580,5,6.2,1895.0,1.25,0.156,,alerts\5986_Drug_Alert_list_for_month_of_May_2020.txt,alerts\5986_Drug_Alert_list_for_month_of_May_2020.tables.json
alerts,6091_Drug_Alert_list_for_month_of_June_2020.pdf,4,6185,5,5.2,1546.2,1.25,0.032,,alerts\6091_Drug_Alert_list_for_month_of_June_2020.txt,alerts\6091_Drug_Alert_list_for_month_of_June_2020.tables.json
alerts,6390_Drug_Alert_list_for_month_of_July_2020.pdf,7,10575,8,5.38,1510.7,1.14,0.014,,alerts\6390_Drug_Alert_list_for_month_of_July_2020.txt,alerts\6390_Drug_Alert_list_for_month_of_July_2020.tables.json
alerts,6469_Drug_Alert_list_for_month_of_August_2020.pdf,4,6727,5,6.2,1681.8,1.25,0.115,,alerts\6469_Drug_Alert_list_for_month_of_August_2020.txt,alerts\6469_Drug_Alert_list_for_month_of_August_2020.tables.json
alerts,6487_Drug_Alert_list_for_month_of_December_2018.pdf,5,8218,5,6.0,1643.6,1.0,0.091,,alerts\6487_Drug_Alert_list_for_month_of_December_2018.txt,alerts\6487_Drug_Alert_list_for_month_of_December_2018.tables.json
alerts,6554_Drug_Alert_list_for_month_of_September_2020.pdf,2,3411,3,5.67,1705.5,1.5,0.035,,alerts\6554_Drug_Alert_list_for_month_of_September_2020.txt,alerts\6554_Drug_Alert_list_for_month_of_September_2020.tables.json
alerts,6628_Drug_Alert_list_for_month_of_October_2020.pdf,2,2689,3,4.67,1344.5,1.5,0.0,,alerts\6628_Drug_Alert_list_for_month_of_October_2020.txt,alerts\6628_Drug_Alert_list_for_month_of_October_2020.tables.json
alerts,6765_Drug_Alert_list_for_month_of_November_2020.pdf,3,4571,4,5.25,1523.7,1.33,0.0,,alerts\6765_Drug_Alert_list_for_month_of_November_2020.txt,alerts\6765_Drug_Alert_list_for_month_of_November_2020.tables.json
alerts,6840_Drug_Alert_list_for_month_of_December_2019.pdf,9,13570,9,6.22,1507.8,1.0,0.097,,alerts\6840_Drug_Alert_list_for_month_of_December_2019.txt,alerts\6840_Drug_Alert_list_for_month_of_December_2019.tables.json
alerts,6851_Drug_Alert_list_for_month_of_December_2020.pdf,3,4487,4,5.75,1495.7,1.33,0.053,,alerts\6851_Drug_Alert_list_for_month_of_December_2020.txt,alerts\6851_Drug_Alert_list_for_month_of_December_2020.tables.json
alerts,6973_Drug_Alert_list_for_month_of_January_2021.pdf,4,5212,4,5.25,1303.0,1.0,0.021,,alerts\6973_Drug_Alert_list_for_month_of_January_2021.txt,alerts\6973_Drug_Alert_list_for_month_of_January_2021.tables.json
alerts,7005_Drug_Alert_list_for_month_of_Feb_2021.pdf,1,403,0,0.0,403.0,0.0,0.0,,alerts\7005_Drug_Alert_list_for_month_of_Feb_2021.txt,alerts\7005_Drug_Alert_list_for_month_of_Feb_2021.tables.json
alerts,7032_Drug_Alert_list_for_month_of_February_2021.pdf,3,4445,4,5.0,1481.7,1.33,0.016,,alerts\7032_Drug_Alert_list_for_month_of_February_2021.txt,alerts\7032_Drug_Alert_list_for_month_of_February_2021.tables.json
alerts,7149_Drug_Alert_list_for_month_of_March_2021.pdf,4,5434,5,5.2,1358.5,1.25,0.106,,alerts\7149_Drug_Alert_list_for_month_of_March_2021.txt,alerts\7149_Drug_Alert_list_for_month_of_March_2021.tables.json
alerts,7271_Drug_Alert_list_for_month_of_April_2021.pdf,5,6701,6,4.83,1340.2,1.2,0.02,,alerts\7271_Drug_Alert_list_for_month_of_April_2021.txt,alerts\7271_Drug_Alert_list_for_month_of_April_2021.tables.json
alerts,7357_Drug_Alert_list_for_month_of_May_2021.pdf,4,5698,5,5.2,1424.5,1.25,0.039,,alerts\7357_Drug_Alert_list_for_month_of_May_2021.txt,alerts\7357_Drug_Alert_list_for_month_of_May_2021.tables.json
alerts,7576_Drug_Alert_list_for_month_of_July_2021.pdf,9,13338,10,5.6,1482.0,1.11,0.038,,alerts\7576_Drug_Alert_list_for_month_of_July_2021.txt,alerts\7576_Drug_Alert_list_for_month_of_July_2021.tables.json
alerts,7656_Drug_Alert_list_for_month_of_August_2021.pdf,8,10160,8,5.62,1270.0,1.0,0.158,,alerts\7656_Drug_Alert_list_for_month_of_August_2021.txt,alerts\7656_Drug_Alert_list_for_month_of_August_2021.tables.json
alerts,7684_Alert_FSN-Medtronic_Heartware_HVAD.pdf,5,13342,2,6.0,2668.4,0.4,0.046,,alerts\7684_Alert_FSN-Medtronic_Heartware_HVAD.txt,alerts\7684_Alert_FSN-Medtronic_Heartware_HVAD.tables.json
alerts,7819_Drug_Alert_list_for_month_of_September_2021.pdf,9,12234,10,5.7,1359.3,1.11,0.116,,alerts\7819_Drug_Alert_list_for_month_of_September_2021.txt,alerts\7819_Drug_Alert_list_for_month_of_September_2021.tables.json
alerts,7841_Drug_Alert_list_for_month_of_May_2021_Revised.pdf,1,604,0,0.0,604.0,0.0,0.0,,alerts\7841_Drug_Alert_list_for_month_of_May_2021_Revised.txt,alerts\7841_Drug_Alert_list_for_month_of_May_2021_Revised.tables.json
alerts,7888_Drug_Alert_list_for_month_of_October_2021.pdf,8,10924,8,5.62,1365.5,1.0,0.136,,alerts\7888_Drug_Alert_list_for_month_of_October_2021.txt,alerts\7888_Drug_Alert_list_for_month_of_October_2021.tables.json
alerts,7999_Drug_Alert_list_for_month_of_November_2021.pdf,5,6624,5,5.8,1324.8,1.0,0.079,,alerts\7999_Drug_Alert_list_for_month_of_November_2021.txt,alerts\7999_Drug_Alert_list_for_month_of_November_2021.tables.json
alerts,8086_Drug_Alert_list_for_month_of_December_2021.pdf,8,11097,9,5.22,1387.1,1.12,0.082,,alerts\8086_Drug_Alert_list_for_month_of_December_2021.txt,alerts\8086_Drug_Alert_list_for_month_of_December_2021.tables.json
alerts,8123_Drug_Alert_list_for_month_of_January_2022.pdf,6,7928,6,5.83,1321.3,1.0,0.056,,alerts\8123_Drug_Alert_list_for_month_of_January_2022.txt,alerts\8123_Drug_Alert_list_for_month_of_January_2022.tables.json
alerts,8277_Drug_Alert_list_for_month_of_February_2022.pdf,9,11713,9,5.78,1301.4,1.0,0.116,,alerts\8277_Drug_Alert_list_for_month_of_February_2022.txt,alerts\8277_Drug_Alert_list_for_month_of_February_2022.tables.json
alerts,8326_Drug_Alert_list_for_month_of_March_2022.pdf,10,13430,10,5.6,1343.0,1.0,0.094,,alerts\8326_Drug_Alert_list_for_month_of_March_2022.txt,alerts\8326_Drug_Alert_list_for_month_of_March_2022.tables.json
alerts,8573_Drug_Alert_list_for_month_of_May_2022.pdf,10,12243,11,4.91,1224.3,1.1,0.097,,alerts\8573_Drug_Alert_list_for_month_of_May_2022.txt,alerts\8573_Drug_Alert_list_for_month_of_May_2022.tables.json
alerts,8616_Medical_Device_Alert_date_14_June_2022.pdf,8,9810,5,22.8,1226.2,0.62,0.038,,alerts\8616_Medical_Device_Alert_date_14_June_2022.txt,alerts\8616_Medical_Device_Alert_date_14_June_2022.tables.json
alerts,8618_Drug_Alert_list_for_month_of_April_2022.pdf,6,7861,6,5.5,1310.2,1.0,0.113,,alerts\8618_Drug_Alert_list_for_month_of_April_2022.txt,alerts\8618_Drug_Alert_list_for_month_of_April_2022.tables.json
alerts,8665_Drug_Alert_list_for_month_of_April_2022_Revised.pdf,1,836,1,3.0,836.0,1.0,0.0,,alerts\8665_Drug_Alert_list_for_month_of_April_2022_Revised.txt,alerts\8665_Drug_Alert_list_for_month_of_April_2022_Revised.tables.json
alerts,8771_Drug_Alert_list_for_month_of_June_2022.pdf,6,7546,7,5.29,1257.7,1.17,0.13,,alerts\8771_Drug_Alert_list_for_month_of_June_2022.txt,alerts\8771_Drug_Alert_list_for_month_of_June_2022.tables.json
alerts,8878_Drug_Alert_list_for_month_of_July_2022.pdf,11,15971,12,5.75,1451.9,1.09,0.198,,alerts\8878_Drug_Alert_list_for_month_of_July_2022.txt,alerts\8878_Drug_Alert_list_for_month_of_July_2022.tables.json
alerts,8983_Drug_Alert_list_for_month_of_May_2022_Revised.pdf,1,944,0,0.0,944.0,0.0,0.0,,alerts\8983_Drug_Alert_list_for_month_of_May_2022_Revised.txt,alerts\8983_Drug_Alert_list_for_month_of_May_2022_Revised.tables.json
alerts,9010_Drug_Alert_list_for_month_of_August_2022.pdf,10,13329,11,5.27,1332.9,1.1,0.085,,alerts\9010_Drug_Alert_list_for_month_of_August_2022.txt,alerts\9010_Drug_Alert_list_for_month_of_August_2022.tables.json
alerts,9122_Drug_Alert_list_for_month_of_September_2022.pdf,13,17734,14,5.43,1364.2,1.08,0.143,,alerts\9122_Drug_Alert_list_for_month_of_September_2022.txt,alerts\9122_Drug_Alert_list_for_month_of_September_2022.tables.json
alerts,9187_Drug_Alert_list_for_month_of_October_2022.pdf,11,15764,12,5.33,1433.1,1.09,0.152,,alerts\9187_Drug_Alert_list_for_month_of_October_2022.txt,alerts\9187_Drug_Alert_list_for_month_of_October_2022.tables.json
alerts,9286_Drug_Alert_list_for_month_of_October_2022_Revised.pdf,1,890,0,0.0,890.0,0.0,0.0,,alerts\9286_Drug_Alert_list_for_month_of_October_2022_Revised.txt,alerts\9286_Drug_Alert_list_for_month_of_October_2022_Revised.tables.json
alerts,9609_Drug_Alert_list_for_month_of_November_2022.pdf,19,24496,19,5.37,1289.3,1.0,0.234,,alerts\9609_Drug_Alert_list_for_month_of_November_2022.txt,alerts\9609_Drug_Alert_list_for_month_of_November_2022.tables.json
alerts,9675_Drug_Alert_list_for_month_of_Feb_2022_Revised.pdf,1,732,1,3.0,732.0,1.0,0.0,,alerts\9675_Drug_Alert_list_for_month_of_Feb_2022_Revised.txt,alerts\9675_Drug_Alert_list_for_month_of_Feb_2022_Revised.tables.json
alerts,9811_Drug_Alert_list_for_month_of_December_2022.pdf,15,22228,16,5.5,1481.9,1.07,0.221,,alerts\9811_Drug_Alert_list_for_month_of_December_2022.txt,alerts\9811_Drug_Alert_list_for_month_of_December_2022.tables.json
alerts,9889_Drug_Alert_list_for_month_of_January_2023.pdf,15,20694,16,5.06,1379.6,1.07,0.176,,alerts\9889_Drug_Alert_list_for_month_of_January_2023.txt,alerts\9889_Drug_Alert_list_for_month_of_January_2023.tables.json
alerts,9985_Drug_Alert_list_for_month_of_February_2023.pdf,12,17917,13,5.54,1493.1,1.08,0.121,,alerts\9985_Drug_Alert_list_for_month_of_February_2023.txt,alerts\9985_Drug_Alert_list_for_month_of_February_2023.tables.json
banned_drugs,banneddrugs.pdf,28,43760,27,60.7,1562.9,0.96,0.461,REPEATED_LINES,banned_drugs\banneddrugs.txt,banned_drugs\banneddrugs.tables.json
fdc,11024_LIST_OF_DRUGS_PROHIBITED_FOR_MANUFACTURE_AND_SALE_THROUGH_GAZETTE_NOTIFICATIONS_UNDER_SECTION_26A_OF_DRUGS_COSMETICS_ACT.pdf,34,53476,33,58.88,1572.8,0.97,0.415,REPEATED_LINES,fdc\11024_LIST_OF_DRUGS_PROHIBITED_FOR_MANUFACTURE_AND_SALE_THROUGH_GAZETTE_NOTIFICATIONS_UNDER_SECTION_26A_OF_DRUGS_COSMETICS_ACT.txt,fdc\11024_LIST_OF_DRUGS_PROHIBITED_FOR_MANUFACTURE_AND_SALE_THROUGH_GAZETTE_NOTIFICATIONS_UNDER_SECTION_26A_OF_DRUGS_COSMETICS_ACT.tables.json
fdc,12085_List_of_02_Restricted_FDC_drugs_dated_12.08.2024.pdf,1,302,1,3.0,302.0,1.0,0.0,,fdc\12085_List_of_02_Restricted_FDC_drugs_dated_12.08.2024.txt,fdc\12085_List_of_02_Restricted_FDC_drugs_dated_12.08.2024.tables.json
fdc,12086_List_of_Prohibited_FDC_drugs_14_FDCs_dated_02.06.2023.pdf,1,1402,1,15.0,1402.0,1.0,0.219,,fdc\12086_List_of_Prohibited_FDC_drugs_14_FDCs_dated_02.06.2023.txt,fdc\12086_List_of_Prohibited_FDC_drugs_14_FDCs_dated_02.06.2023.tables.json
fdc,12087_List_of_Prohibited_FDC_drugs_156_FDCs_dated_02.08.2024.pdf,7,16238,7,22.43,2319.7,1.0,0.212,,fdc\12087_List_of_Prohibited_FDC_drugs_156_FDCs_dated_02.08.2024.txt,fdc\12087_List_of_Prohibited_FDC_drugs_156_FDCs_dated_02.08.2024.tables.json
fdc,12088_List_of_Prohibited_FDC_S_Etodolac_Paracetamol_12.08.2024.pdf,1,123,0,0.0,123.0,0.0,0.0,,fdc\12088_List_of_Prohibited_FDC_S_Etodolac_Paracetamol_12.08.2024.txt,fdc\12088_List_of_Prohibited_FDC_S_Etodolac_Paracetamol_12.08.2024.tables.json
fdc,14514_List_of_16_FDCs_banned_dated_11.06.2026.pdf,1,1289,1,17.0,1289.0,1.0,0.235,,fdc\14514_List_of_16_FDCs_banned_dated_11.06.2026.txt,fdc\14514_List_of_16_FDCs_banned_dated_11.06.2026.tables.json
fdc,14519_2026.06.11_S.O._3068E_to_S.O._3083E__Prohibition_of_16_FDCs.pdf,26,84586,0,0.0,3253.3,0.0,0.656,"TABLE_DROUGHT,REPEATED_LINES",fdc\14519_2026.06.11_S.O._3068E_to_S.O._3083E__Prohibition_of_16_FDCs.txt,fdc\14519_2026.06.11_S.O._3068E_to_S.O._3083E__Prohibition_of_16_FDCs.tables.json
fdc,2237_List_of_FDCs_under_category_c_permitted_for_continu_ed_manufacturing_and_marketing_under_18_month_policy_decision_dated_.pdf,43,248871,43,39.16,5787.7,1.0,0.055,,fdc\2237_List_of_FDCs_under_category_c_permitted_for_continu_ed_manufacturing_and_marketing_under_18_month_policy_decision_dated_.txt,fdc\2237_List_of_FDCs_under_category_c_permitted_for_continu_ed_manufacturing_and_marketing_under_18_month_policy_decision_dated_.tables.json
fdc,3170_2019.01.11_S.O._180E_to_S.O.259E_Prohibition_of_certain_FDCs_appeared_in_the_list_of_294_FDCs_under_Section_26A.pdf,130,494777,0,0.0,3806.0,0.0,0.579,"TABLE_DROUGHT,REPEATED_LINES",fdc\3170_2019.01.11_S.O._180E_to_S.O.259E_Prohibition_of_certain_FDCs_appeared_in_the_list_of_294_FDCs_under_Section_26A.txt,fdc\3170_2019.01.11_S.O._180E_to_S.O.259E_Prohibition_of_certain_FDCs_appeared_in_the_list_of_294_FDCs_under_Section_26A.tables.json
fdc,3251_System_of_preliminary_scrutiny_by_C.D.S.C.O_at_the_time_of_receipt_of_application_for_approval_of_Fixed_Dose_Combination.pdf,23,43731,15,28.2,1901.3,0.65,0.304,REPEATED_LINES,fdc\3251_System_of_preliminary_scrutiny_by_C.D.S.C.O_at_the_time_of_receipt_of_application_for_approval_of_Fixed_Dose_Combination.txt,fdc\3251_System_of_preliminary_scrutiny_by_C.D.S.C.O_at_the_time_of_receipt_of_application_for_approval_of_Fixed_Dose_Combination.tables.json
fdc,514_Notice_Order_regarding_Examination_of_Safety_and_efficacy_of_FDCs_licensed_for_manufacture_for_sale_in_the_country_witho.pdf,10,14609,13,43.54,1460.9,1.3,0.0,,fdc\514_Notice_Order_regarding_Examination_of_Safety_and_efficacy_of_FDCs_licensed_for_manufacture_for_sale_in_the_country_witho.txt,fdc\514_Notice_Order_regarding_Examination_of_Safety_and_efficacy_of_FDCs_licensed_for_manufacture_for_sale_in_the_country_witho.tables.json
gazette,10569_2023.06.02_DR_S.O._2394E_to_2407E_Banning_of_14_FDCs.pdf,20,82759,0,0.0,4137.9,0.0,0.637,"TABLE_DROUGHT,REPEATED_LINES",gazette\10569_2023.06.02_DR_S.O._2394E_to_2407E_Banning_of_14_FDCs.txt,gazette\10569_2023.06.02_DR_S.O._2394E_to_2407E_Banning_of_14_FDCs.tables.json
gazette,10571_2023.07.31_DR_S.O._3448E_Prohibition_of_Veterinary_Drugs_Ketoprofen_and_its_formulation_and_Aceclofenac_its_Formulation.pdf,2,2841,0,0.0,1420.5,0.0,0.0,,gazette\10571_2023.07.31_DR_S.O._3448E_Prohibition_of_Veterinary_Drugs_Ketoprofen_and_its_formulation_and_Aceclofenac_its_Formulation.txt,gazette\10571_2023.07.31_DR_S.O._3448E_Prohibition_of_Veterinary_Drugs_Ketoprofen_and_its_formulation_and_Aceclofenac_its_Formulation.tables.json
gazette,10980_2024.02.05_S.O._476E_Revoke_of_notification_GSR_144E_dated_17.02.2017_Oseltamivir_and_Zanamivir.pdf,2,2009,0,0.0,1004.5,0.0,0.0,,gazette\10980_2024.02.05_S.O._476E_Revoke_of_notification_GSR_144E_dated_17.02.2017_Oseltamivir_and_Zanamivir.txt,gazette\10980_2024.02.05_S.O._476E_Revoke_of_notification_GSR_144E_dated_17.02.2017_Oseltamivir_and_Zanamivir.tables.json
gazette,11593_2024.08.12_S.O._3284E_Notification_reg_Prohibiton_of_Etodolac.pdf,3,6255,0,0.0,2085.0,0.0,0.0,,gazette\11593_2024.08.12_S.O._3284E_Notification_reg_Prohibiton_of_Etodolac.txt,gazette\11593_2024.08.12_S.O._3284E_Notification_reg_Prohibiton_of_Etodolac.tables.json
gazette,11870_2024.08.12__DR_S.O._3266E_to_3267E__Restriction_of_FDC_Naproxen_Esomeprazole_and_Naproxen_Pantoprazole.pdf,4,12269,0,0.0,3067.2,0.0,0.281,,gazette\11870_2024.08.12__DR_S.O._3266E_to_3267E__Restriction_of_FDC_Naproxen_Esomeprazole_and_Naproxen_Pantoprazole.txt,gazette\11870_2024.08.12__DR_S.O._3266E_to_3267E__Restriction_of_FDC_Naproxen_Esomeprazole_and_Naproxen_Pantoprazole.tables.json
gazette,11871_2024.08.12__DR_S.O._3285E_to_3440E__Prohibition_of_156_FDCs.pdf,158,543610,0,0.0,3440.6,0.0,0.769,"TABLE_DROUGHT,REPEATED_LINES",gazette\11871_2024.08.12__DR_S.O._3285E_to_3440E__Prohibition_of_156_FDCs.txt,gazette\11871_2024.08.12__DR_S.O._3285E_to_3440E__Prohibition_of_156_FDCs.tables.json
gazette,12323_2024.12.30_S.O._5633E_Notification_regarding_Banning_Nimesulide_for_animal_use.pdf,2,2571,1,3.0,1285.5,0.5,0.0,,gazette\12323_2024.12.30_S.O._5633E_Notification_regarding_Banning_Nimesulide_for_animal_use.txt,gazette\12323_2024.12.30_S.O._5633E_Notification_regarding_Banning_Nimesulide_for_animal_use.tables.json
gazette,12581_2025.03.12_S.O._1158E_Banning_of_Chloramphenicol_and_Nitrofurans_in_food_rearing_animal_systems.pdf,2,3092,3,3.33,1546.0,1.5,0.0,,gazette\12581_2025.03.12_S.O._1158E_Banning_of_Chloramphenicol_and_Nitrofurans_in_food_rearing_animal_systems.txt,gazette\12581_2025.03.12_S.O._1158E_Banning_of_Chloramphenicol_and_Nitrofurans_in_food_rearing_animal_systems.tables.json
gazette,12673_S.O._1717E_dt_15.04.2025_Restriction_of_the_Fixed_Dose_Combination_of_Chlorpheniramine_Maleate_and_Phenylephrine_Hydroch.pdf,2,5598,3,7.67,2799.0,1.5,0.0,,gazette\12673_S.O._1717E_dt_15.04.2025_Restriction_of_the_Fixed_Dose_Combination_of_Chlorpheniramine_Maleate_and_Phenylephrine_Hydroch.txt,gazette\12673_S.O._1717E_dt_15.04.2025_Restriction_of_the_Fixed_Dose_Combination_of_Chlorpheniramine_Maleate_and_Phenylephrine_Hydroch.tables.json
gazette,12742_2025.05.22_S.O._2298E_Notification_to_prohibit_the_import_manufacture_sale_and_distribution_of_certain_antimicrobial_pro.pdf,4,5672,5,5.6,1418.0,1.25,0.0,,gazette\12742_2025.05.22_S.O._2298E_Notification_to_prohibit_the_import_manufacture_sale_and_distribution_of_certain_antimicrobial_pro.txt,gazette\12742_2025.05.22_S.O._2298E_Notification_to_prohibit_the_import_manufacture_sale_and_distribution_of_certain_antimicrobial_pro.tables.json
gazette,13246_2025.08.27_G.S.R._587E_Draft_Notification_for_application_of_unapproved_drugs_for_conduct_of_BA_BE_studies_for_export_pu.pdf,4,8995,7,4.43,2248.8,1.75,0.007,,gazette\13246_2025.08.27_G.S.R._587E_Draft_Notification_for_application_of_unapproved_drugs_for_conduct_of_BA_BE_studies_for_export_pu.txt,gazette\13246_2025.08.27_G.S.R._587E_Draft_Notification_for_application_of_unapproved_drugs_for_conduct_of_BA_BE_studies_for_export_pu.tables.json
gazette,13409_2025.09.23_S.O._4338E_prohibit_the_import_manufacture_sale_and_distribution_of_certain_antimicrobial_products_for_animal.pdf,4,5600,0,0.0,1400.0,0.0,0.0,,gazette\13409_2025.09.23_S.O._4338E_prohibit_the_import_manufacture_sale_and_distribution_of_certain_antimicrobial_products_for_animal.txt,gazette\13409_2025.09.23_S.O._4338E_prohibit_the_import_manufacture_sale_and_distribution_of_certain_antimicrobial_products_for_animal.tables.json
gazette,13522_2025.10.16__G.S.R._760E_Notification_regarding_restriction_of_sale_of_drug_products_containing_alcohol_content_under_Dru.pdf,3,5436,0,0.0,1812.0,0.0,0.0,,gazette\13522_2025.10.16__G.S.R._760E_Notification_regarding_restriction_of_sale_of_drug_products_containing_alcohol_content_under_Dru.txt,gazette\13522_2025.10.16__G.S.R._760E_Notification_regarding_restriction_of_sale_of_drug_products_containing_alcohol_content_under_Dru.tables.json
gazette,13750_2025.12.29__S.O._6091E_Notification_regarding_Nimesulide_above_100_mg_in_immediate_release_dosage_form.pdf,2,2752,0,0.0,1376.0,0.0,0.0,,gazette\13750_2025.12.29__S.O._6091E_Notification_regarding_Nimesulide_above_100_mg_in_immediate_release_dosage_form.txt,gazette\13750_2025.12.29__S.O._6091E_Notification_regarding_Nimesulide_above_100_mg_in_immediate_release_dosage_form.tables.json
gazette,14397_2026.06.11_S.O._3068E_to_S.O._3083E__Prohibition_of_16_FDCs.pdf,26,84586,0,0.0,3253.3,0.0,0.656,"TABLE_DROUGHT,REPEATED_LINES",gazette\14397_2026.06.11_S.O._3068E_to_S.O._3083E__Prohibition_of_16_FDCs.txt,gazette\14397_2026.06.11_S.O._3068E_to_S.O._3083E__Prohibition_of_16_FDCs.tables.json
gazette,14457_2026.07.08_G.S.R._607E_Notification_regarding_restriction_of_sale_of_drug_products_containing_alcohol_content_under_Drug.pdf,3,5468,0,0.0,1822.7,0.0,0.0,,gazette\14457_2026.07.08_G.S.R._607E_Notification_regarding_restriction_of_sale_of_drug_products_containing_alcohol_content_under_Drug.txt,gazette\14457_2026.07.08_G.S.R._607E_Notification_regarding_restriction_of_sale_of_drug_products_containing_alcohol_content_under_Drug.tables.json
gazette,14519_2026.06.11_S.O._3068E_to_S.O._3083E__Prohibition_of_16_FDCs.pdf,26,84586,0,0.0,3253.3,0.0,0.656,"TABLE_DROUGHT,REPEATED_LINES",gazette\14519_2026.06.11_S.O._3068E_to_S.O._3083E__Prohibition_of_16_FDCs.txt,gazette\14519_2026.06.11_S.O._3068E_to_S.O._3083E__Prohibition_of_16_FDCs.tables.json
gazette,14656_2026.08.18_S.O._4595E_Prohibition_of_all_formulations_of_FDC_containing_Chlorpheniramine_Maleate_and_Phenylephrine_HCl_i.pdf,3,6517,0,0.0,2172.3,0.0,0.0,,gazette\14656_2026.08.18_S.O._4595E_Prohibition_of_all_formulations_of_FDC_containing_Chlorpheniramine_Maleate_and_Phenylephrine_HCl_i.txt,gazette\14656_2026.08.18_S.O._4595E_Prohibition_of_all_formulations_of_FDC_containing_Chlorpheniramine_Maleate_and_Phenylephrine_HCl_i.tables.json
gazette,1925_2018.08.21_Final_GSR_794E_and_795E_Mfg_of_Oxytocin_Formulation_Scheduling_of_Oxytocin_in_Sch_H1_omittion_from_Sch_H.pdf,3,7210,0,0.0,2403.3,0.0,0.061,,gazette\1925_2018.08.21_Final_GSR_794E_and_795E_Mfg_of_Oxytocin_Formulation_Scheduling_of_Oxytocin_in_Sch_H1_omittion_from_Sch_H.txt,gazette\1925_2018.08.21_Final_GSR_794E_and_795E_Mfg_of_Oxytocin_Formulation_Scheduling_of_Oxytocin_in_Sch_H1_omittion_from_Sch_H.tables.json
gazette,1935_2018-08-27_Draft_GSR_813E_Amendment_of_Form_45_46_for_Package_Insert.pdf,2,4928,0,0.0,2464.0,0.0,0.02,,gazette\1935_2018-08-27_Draft_GSR_813E_Amendment_of_Form_45_46_for_Package_Insert.txt,gazette\1935_2018-08-27_Draft_GSR_813E_Amendment_of_Form_45_46_for_Package_Insert.tables.json
gazette,1951_2018.09.07_S.O._4379E_to_S.O.4712_E_Prohibition_and_Restriction_of_FDC_drugs_Section_26A.pdf,537,1849249,1,4.0,3443.7,0.0,0.742,REPEATED_LINES,gazette\1951_2018.09.07_S.O._4379E_to_S.O.4712_E_Prohibition_and_Restriction_of_FDC_drugs_Section_26A.txt,gazette\1951_2018.09.07_S.O._4379E_to_S.O.4712_E_Prohibition_and_Restriction_of_FDC_drugs_Section_26A.tables.json
gazette,2373_018.12.13_S.O.6161E_Restriction_of_Buclizine_and_its_formulations_as_appetite_stimulant_under_Section_26A.pdf,2,4675,0,0.0,2337.5,0.0,0.0,,gazette\2373_018.12.13_S.O.6161E_Restriction_of_Buclizine_and_its_formulations_as_appetite_stimulant_under_Section_26A.txt,gazette\2373_018.12.13_S.O.6161E_Restriction_of_Buclizine_and_its_formulations_as_appetite_stimulant_under_Section_26A.tables.json
gazette,3170_2019.01.11_S.O._180E_to_S.O.259E_Prohibition_of_certain_FDCs_appeared_in_the_list_of_294_FDCs_under_Section_26A.pdf,130,494777,0,0.0,3806.0,0.0,0.579,"TABLE_DROUGHT,REPEATED_LINES",gazette\3170_2019.01.11_S.O._180E_to_S.O.259E_Prohibition_of_certain_FDCs_appeared_in_the_list_of_294_FDCs_under_Section_26A.txt,gazette\3170_2019.01.11_S.O._180E_to_S.O.259E_Prohibition_of_certain_FDCs_appeared_in_the_list_of_294_FDCs_under_Section_26A.tables.json
gazette,3771_2019.02.05_S.O._697E_Revoke_of_FDC_banned_notification_S.O._4616E_dated_07.09.2018_Section_26A.pdf,2,2071,0,0.0,1035.5,0.0,0.0,,gazette\3771_2019.02.05_S.O._697E_Revoke_of_FDC_banned_notification_S.O._4616E_dated_07.09.2018_Section_26A.txt,gazette\3771_2019.02.05_S.O._697E_Revoke_of_FDC_banned_notification_S.O._4616E_dated_07.09.2018_Section_26A.tables.json
gazette,5500_2020.01.27_G.S.R._52E_Exemption_of_Import_of_Oxytocin_reference_standards_from_Prohibition.pdf,2,2520,0,0.0,1260.0,0.0,0.0,,gazette\5500_2020.01.27_G.S.R._52E_Exemption_of_Import_of_Oxytocin_reference_standards_from_Prohibition.txt,gazette\5500_2020.01.27_G.S.R._52E_Exemption_of_Import_of_Oxytocin_reference_standards_from_Prohibition.tables.json
gazette,5760_2020-16-03_GSR_180_E_banning_of_Chenodeoxycholic_acidUrsodeoxycholic_acid_extracted_and_prepareunder_Section_10A.pdf,2,3511,0,0.0,1755.5,0.0,0.0,,gazette\5760_2020-16-03_GSR_180_E_banning_of_Chenodeoxycholic_acidUrsodeoxycholic_acid_extracted_and_prepareunder_Section_10A.txt,gazette\5760_2020-16-03_GSR_180_E_banning_of_Chenodeoxycholic_acidUrsodeoxycholic_acid_extracted_and_prepareunder_Section_10A.tables.json
gazette,6608_2020.10.21_Draft_GSR_656E_Inclusion_of_Tapentadol_in_Sch_H1.pdf.pdf,2,4208,0,0.0,2104.0,0.0,0.0,,gazette\6608_2020.10.21_Draft_GSR_656E_Inclusion_of_Tapentadol_in_Sch_H1.pdf.txt,gazette\6608_2020.10.21_Draft_GSR_656E_Inclusion_of_Tapentadol_in_Sch_H1.pdf.tables.json
gazette,7140_2021.04.07_GSR_258E__Inclusion_of_Tapentadol_in_Sch_H1_at_S.No._48.pdf,2,4647,0,0.0,2323.5,0.0,0.0,,gazette\7140_2021.04.07_GSR_258E__Inclusion_of_Tapentadol_in_Sch_H1_at_S.No._48.txt,gazette\7140_2021.04.07_GSR_258E__Inclusion_of_Tapentadol_in_Sch_H1_at_S.No._48.tables.json
gazette,7141_2021.04.07_GSR_255E_For_substitution_at_entry_no_14._of_GSR_578E_dt_23.07.1983_reg_FDC_of_tamsulosinDeflazacort.pdf,3,7408,0,0.0,2469.3,0.0,0.022,,gazette\7141_2021.04.07_GSR_255E_For_substitution_at_entry_no_14._of_GSR_578E_dt_23.07.1983_reg_FDC_of_tamsulosinDeflazacort.txt,gazette\7141_2021.04.07_GSR_255E_For_substitution_at_entry_no_14._of_GSR_578E_dt_23.07.1983_reg_FDC_of_tamsulosinDeflazacort.tables.json
gazette,7836_2021.10.27_Final_GSR_762E_reg_Oxytocin_API_import_exclusivelyfor_mfg_for_export_purpose_only.pdf,2,2858,0,0.0,1429.0,0.0,0.0,,gazette\7836_2021.10.27_Final_GSR_762E_reg_Oxytocin_API_import_exclusivelyfor_mfg_for_export_purpose_only.txt,gazette\7836_2021.10.27_Final_GSR_762E_reg_Oxytocin_API_import_exclusivelyfor_mfg_for_export_purpose_only.tables.json
gazette,8091_2022.02.01__Draft_GSR_75E_Inclusion_of_Acitretin_in_Sch_H_of_Drugs_Rules_1945.pdf,2,4234,0,0.0,2117.0,0.0,0.0,,gazette\8091_2022.02.01__Draft_GSR_75E_Inclusion_of_Acitretin_in_Sch_H_of_Drugs_Rules_1945.txt,gazette\8091_2022.02.01__Draft_GSR_75E_Inclusion_of_Acitretin_in_Sch_H_of_Drugs_Rules_1945.tables.json
gazette,8458_2022.05.18_Final_GSR_357E_Inclusion_of_Acitretin_in_Sch_H_of_Drugs_Rules_1945.pdf,2,4588,0,0.0,2294.0,0.0,0.0,,gazette\8458_2022.05.18_Final_GSR_357E_Inclusion_of_Acitretin_in_Sch_H_of_Drugs_Rules_1945.txt,gazette\8458_2022.05.18_Final_GSR_357E_Inclusion_of_Acitretin_in_Sch_H_of_Drugs_Rules_1945.tables.json
gazette,922_GSR_411E_dt_27.04.2018_Manufacture_Prohibition_of_Oxytocin_with_conditions_under_Section_26A.pdf,3,8060,0,0.0,2686.7,0.0,0.0,,gazette\922_GSR_411E_dt_27.04.2018_Manufacture_Prohibition_of_Oxytocin_with_conditions_under_Section_26A.txt,gazette\922_GSR_411E_dt_27.04.2018_Manufacture_Prohibition_of_Oxytocin_with_conditions_under_Section_26A.tables.json
gazette,930_GSR_390E_dated_24.04.2018_Import_banning_of_Oxytocin_under_Section_10A.pdf,2,3176,0,0.0,1588.0,0.0,0.0,,gazette\930_GSR_390E_dated_24.04.2018_Import_banning_of_Oxytocin_under_Section_10A.txt,gazette\930_GSR_390E_dated_24.04.2018_Import_banning_of_Oxytocin_under_Section_10A.tables.json
ipc_pvpi,List-of-Drugs-Safety-Alerts-issued-by-PvPI-from-March-2016-to-till-date---27.07.2026.pdf,28,43085,26,7.27,1538.8,0.93,0.054,,ipc_pvpi\List-of-Drugs-Safety-Alerts-issued-by-PvPI-from-March-2016-to-till-date---27.07.2026.txt,ipc_pvpi\List-of-Drugs-Safety-Alerts-issued-by-PvPI-from-March-2016-to-till-date---27.07.2026.tables.json
public_notices,1721_Revised_List_of_Oxytocin_Manufacturer.pdf,5,10852,0,0.0,2170.4,0.0,0.025,TABLE_DROUGHT,public_notices\1721_Revised_List_of_Oxytocin_Manufacturer.txt,public_notices\1721_Revised_List_of_Oxytocin_Manufacturer.tables.json
public_notices,4505_National_List_of_Essential_Medicines_2015.pdf,117,131885,110,47.99,1127.2,0.94,0.229,,public_notices\4505_National_List_of_Essential_Medicines_2015.txt,public_notices\4505_National_List_of_Essential_Medicines_2015.tables.json
public_notices,470_Notice_regarding_Draft_SOP_for_handling_of_NSQ_samples.pdf,1,628,0,0.0,628.0,0.0,0.0,,public_notices\470_Notice_regarding_Draft_SOP_for_handling_of_NSQ_samples.txt,public_notices\470_Notice_regarding_Draft_SOP_for_handling_of_NSQ_samples.tables.json
public_notices,514_Notice_Order_regarding_Examination_of_Safety_and_efficacy_of_FDCs_licensed_for_manufacture_for_sale_in_the_country_witho.pdf,10,14609,13,43.54,1460.9,1.3,0.0,,public_notices\514_Notice_Order_regarding_Examination_of_Safety_and_efficacy_of_FDCs_licensed_for_manufacture_for_sale_in_the_country_witho.txt,public_notices\514_Notice_Order_regarding_Examination_of_Safety_and_efficacy_of_FDCs_licensed_for_manufacture_for_sale_in_the_country_witho.tables.json
public_notices,614_National_List_of_Essential_Medicines_NLEM_2015.pdf,1,475,0,0.0,475.0,0.0,0.0,,public_notices\614_National_List_of_Essential_Medicines_NLEM_2015.txt,public_notices\614_National_List_of_Essential_Medicines_NLEM_2015.tables.json
public_notices,7596_PCR_Kits_approved_for_testing_of_Covid-19_as_on_23.08.2021.pdf,18,18727,18,11.94,1040.4,1.0,0.114,,public_notices\7596_PCR_Kits_approved_for_testing_of_Covid-19_as_on_23.08.2021.txt,public_notices\7596_PCR_Kits_approved_for_testing_of_Covid-19_as_on_23.08.2021.tables.json
public_notices,7966_PCR_Kits_approved_for_testing_of_Covid-19_as_on_09.12.2021.pdf,19,21225,19,12.58,1117.1,1.0,0.107,,public_notices\7966_PCR_Kits_approved_for_testing_of_Covid-19_as_on_09.12.2021.txt,public_notices\7966_PCR_Kits_approved_for_testing_of_Covid-19_as_on_09.12.2021.tables.json
public_notices,8141_Rapid_CLIA_ELISA_Kits_approved_for_testing_of_Covid-19_as_on_11.02.2022.pdf,16,27462,15,16.53,1716.4,0.94,0.072,,public_notices\8141_Rapid_CLIA_ELISA_Kits_approved_for_testing_of_Covid-19_as_on_11.02.2022.txt,public_notices\8141_Rapid_CLIA_ELISA_Kits_approved_for_testing_of_Covid-19_as_on_11.02.2022.tables.json
public_notices,9011_National_List_of_Essential_Medicines_2022.pdf,135,148047,101,10.53,1096.6,0.75,0.279,,public_notices\9011_National_List_of_Essential_Medicines_2022.txt,public_notices\9011_National_List_of_Essential_Medicines_2022.tables.json
public_notices,9824_PCR_Kits_approved_for_testing_of_Covid-19_as_on_25.01.2023.pdf,21,25730,21,13.14,1225.2,1.0,0.096,,public_notices\9824_PCR_Kits_approved_for_testing_of_Covid-19_as_on_25.01.2023.txt,public_notices\9824_PCR_Kits_approved_for_testing_of_Covid-19_as_on_25.01.2023.tables.json
public_notices,9825_Rapid_CLIA_ELISA_Kits_approved_for_testing_of_Covid-19_as_on_25.01.2023.pdf,17,31037,17,16.53,1825.7,1.0,0.075,,public_notices\9825_Rapid_CLIA_ELISA_Kits_approved_for_testing_of_Covid-19_as_on_25.01.2023.txt,public_notices\9825_Rapid_CLIA_ELISA_Kits_approved_for_testing_of_Covid-19_as_on_25.01.2023.tables.json
